aa,smiles,residue_smiles,alpha_carbon_stereo,n-methylation
A,C[C@H](N)C(=O)O,C[C@H](N)C=O,L,False
R,N=C(N)NCCC[C@H](N)C(=O)O,N=C(N)NCCC[C@H](N)C=O,L,False
N,NC(=O)C[C@H](N)C(=O)O,NC(=O)C[C@H](N)C=O,L,False
D,N[C@@H](CC(=O)O)C(=O)O,N[C@H](C=O)CC(=O)O,L,False
C,N[C@@H](CS)C(=O)O,N[C@H](C=O)CS,L,False
Q,NC(=O)CC[C@H](N)C(=O)O,NC(=O)CC[C@H](N)C=O,L,False
E,N[C@@H](CCC(=O)O)C(=O)O,N[C@H](C=O)CCC(=O)O,L,False
G,NCC(=O)O,NCC=O,,False
H,N[C@@H](Cc1c[nH]cn1)C(=O)O,N[C@H](C=O)Cc1c[nH]cn1,L,False
I,CC[C@H](C)[C@H](N)C(=O)O,CC[C@H](C)[C@H](N)C=O,L,False
L,CC(C)C[C@H](N)C(=O)O,CC(C)C[C@H](N)C=O,L,False
K,NCCCC[C@H](N)C(=O)O,NCCCC[C@H](N)C=O,L,False
M,CSCC[C@H](N)C(=O)O,CSCC[C@H](N)C=O,L,False
F,N[C@@H](Cc1ccccc1)C(=O)O,N[C@H](C=O)Cc1ccccc1,L,False
P,O=C(O)[C@@H]1CCCN1,O=C[C@@H]1CCCN1,L,False
S,N[C@@H](CO)C(=O)O,N[C@H](C=O)CO,L,False
T,C[C@@H](O)[C@H](N)C(=O)O,C[C@@H](O)[C@H](N)C=O,L,False
W,N[C@@H](Cc1c[nH]c2ccccc12)C(=O)O,N[C@H](C=O)Cc1c[nH]c2ccccc12,L,False
Y,N[C@@H](Cc1ccc(O)cc1)C(=O)O,N[C@H](C=O)Cc1ccc(O)cc1,L,False
V,CC(C)[C@H](N)C(=O)O,CC(C)[C@H](N)C=O,L,False
a,C[C@@H](N)C(=O)O,C[C@@H](N)C=O,D,False
r,N=C(N)NCCC[C@@H](N)C(=O)O,N=C(N)NCCC[C@@H](N)C=O,D,False
n,NC(=O)C[C@@H](N)C(=O)O,NC(=O)C[C@@H](N)C=O,D,False
d,N[C@H](CC(=O)O)C(=O)O,N[C@@H](C=O)CC(=O)O,D,False
c,N[C@H](CS)C(=O)O,N[C@@H](C=O)CS,D,False
q,NC(=O)CC[C@@H](N)C(=O)O,NC(=O)CC[C@@H](N)C=O,D,False
e,N[C@H](CCC(=O)O)C(=O)O,N[C@@H](C=O)CCC(=O)O,D,False
h,N[C@H](Cc1c[nH]cn1)C(=O)O,N[C@@H](C=O)Cc1c[nH]cn1,D,False
i,CC[C@@H](C)[C@@H](N)C(=O)O,CC[C@@H](C)[C@@H](N)C=O,D,False
l,CC(C)C[C@@H](N)C(=O)O,CC(C)C[C@@H](N)C=O,D,False
k,NCCCC[C@@H](N)C(=O)O,NCCCC[C@@H](N)C=O,D,False
m,CSCC[C@@H](N)C(=O)O,CSCC[C@@H](N)C=O,D,False
f,N[C@H](Cc1ccccc1)C(=O)O,N[C@@H](C=O)Cc1ccccc1,D,False
p,O=C(O)[C@H]1CCCN1,O=C[C@H]1CCCN1,D,False
s,N[C@H](CO)C(=O)O,N[C@@H](C=O)CO,D,False
t,C[C@H](O)[C@@H](N)C(=O)O,C[C@H](O)[C@@H](N)C=O,D,False
w,N[C@H](Cc1c[nH]c2ccccc12)C(=O)O,N[C@@H](C=O)Cc1c[nH]c2ccccc12,D,False
y,N[C@H](Cc1ccc(O)cc1)C(=O)O,N[C@@H](C=O)Cc1ccc(O)cc1,D,False
v,CC(C)[C@@H](N)C(=O)O,CC(C)[C@@H](N)C=O,D,False
MeA,CN[C@@H](C)C(=O)O,CN[C@@H](C)C=O,L,True
MeR,CN[C@@H](CCCNC(=N)N)C(=O)O,CN[C@H](C=O)CCCNC(=N)N,L,True
MeN,CN[C@@H](CC(N)=O)C(=O)O,CN[C@H](C=O)CC(N)=O,L,True
MeD,CN[C@@H](CC(=O)O)C(=O)O,CN[C@H](C=O)CC(=O)O,L,True
MeC,CN[C@@H](CS)C(=O)O,CN[C@H](C=O)CS,L,True
MeQ,CN[C@@H](CCC(N)=O)C(=O)O,CN[C@H](C=O)CCC(N)=O,L,True
MeE,CN[C@@H](CCC(=O)O)C(=O)O,CN[C@H](C=O)CCC(=O)O,L,True
MeG,CNCC(=O)O,CNCC=O,,True
MeH,CN[C@@H](Cc1c[nH]cn1)C(=O)O,CN[C@H](C=O)Cc1c[nH]cn1,L,True
MeI,CC[C@H](C)[C@H](NC)C(=O)O,CC[C@H](C)[C@@H](C=O)NC,L,True
MeL,CN[C@@H](CC(C)C)C(=O)O,CN[C@H](C=O)CC(C)C,L,True
MeK,CN[C@@H](CCCCN)C(=O)O,CN[C@H](C=O)CCCCN,L,True
MeM,CN[C@@H](CCSC)C(=O)O,CN[C@H](C=O)CCSC,L,True
MeF,CN[C@@H](Cc1ccccc1)C(=O)O,CN[C@H](C=O)Cc1ccccc1,L,True
MeS,CN[C@@H](CO)C(=O)O,CN[C@H](C=O)CO,L,True
MeT,CN[C@H](C(=O)O)[C@@H](C)O,CN[C@H](C=O)[C@@H](C)O,L,True
MeW,CN[C@@H](Cc1c[nH]c2ccccc12)C(=O)O,CN[C@H](C=O)Cc1c[nH]c2ccccc12,L,True
MeY,CN[C@@H](Cc1ccc(O)cc1)C(=O)O,CN[C@H](C=O)Cc1ccc(O)cc1,L,True
MeV,CN[C@H](C(=O)O)C(C)C,CN[C@H](C=O)C(C)C,L,True
Mea,CN[C@H](C)C(=O)O,CN[C@H](C)C=O,D,True
Mer,CN[C@H](CCCNC(=N)N)C(=O)O,CN[C@@H](C=O)CCCNC(=N)N,D,True
Men,CN[C@H](CC(N)=O)C(=O)O,CN[C@@H](C=O)CC(N)=O,D,True
Med,CN[C@H](CC(=O)O)C(=O)O,CN[C@@H](C=O)CC(=O)O,D,True
Mec,CN[C@H](CS)C(=O)O,CN[C@@H](C=O)CS,D,True
Meq,CN[C@H](CCC(N)=O)C(=O)O,CN[C@@H](C=O)CCC(N)=O,D,True
Mee,CN[C@H](CCC(=O)O)C(=O)O,CN[C@@H](C=O)CCC(=O)O,D,True
Meh,CN[C@H](Cc1c[nH]cn1)C(=O)O,CN[C@@H](C=O)Cc1c[nH]cn1,D,True
Mei,CC[C@@H](C)[C@@H](NC)C(=O)O,CC[C@@H](C)[C@H](C=O)NC,D,True
Mel,CN[C@H](CC(C)C)C(=O)O,CN[C@@H](C=O)CC(C)C,D,True
Mek,CN[C@H](CCCCN)C(=O)O,CN[C@@H](C=O)CCCCN,D,True
Mem,CN[C@H](CCSC)C(=O)O,CN[C@@H](C=O)CCSC,D,True
Mef,CN[C@H](Cc1ccccc1)C(=O)O,CN[C@@H](C=O)Cc1ccccc1,D,True
Mes,CN[C@H](CO)C(=O)O,CN[C@@H](C=O)CO,D,True
Met,CN[C@@H](C(=O)O)[C@H](C)O,CN[C@@H](C=O)[C@H](C)O,D,True
Mew,CN[C@H](Cc1c[nH]c2ccccc12)C(=O)O,CN[C@@H](C=O)Cc1c[nH]c2ccccc12,D,True
Mey,CN[C@H](Cc1ccc(O)cc1)C(=O)O,CN[C@@H](C=O)Cc1ccc(O)cc1,D,True
Mev,CN[C@@H](C(=O)O)C(C)C,CN[C@@H](C=O)C(C)C,D,True
